title,url,description,image_url
catch of my life brady throws super bowl trophy across water,https://www.bbc.co.uk/sport/american-football/56023238,tom brady throws the vince lombardi trophy from one boat to another during the tampa bay buccaneers super bowl victory paradecatch of my life brady throws super bowl trophy across water,https://ichef.bbci.co.uk/live-experience/cps/624/cpsprodpb/10504/production/_116902866_hi065632307.jpg
patrick mahomes early favorite to win nfl mvp award reuters,https://www.reuters.com/article/us-football-nfl-kc-gb-mahomes-rodgers-idUSKBN2AE0LZ,the dust has barely settled from super bowl lv and all eyes have turned back to patrick mahomes patrick mahomes early favorite to win nfl mvp award reuters,https://static.reuters.com/resources/r/?m=02&d=20210214&t=2&i=1551509679&r=LYNXMPEH1D0J5&w=800
tom brady casually tosses lombardi trophy as buccaneers celebrate super bowl win yahoo,https://ca.yahoo.com/sports/news/nfl-buccaneers-super-bowl-boat-parade-tom-brady-tosses-lombardi-trophy-202915823.html,ol li tom brady casually tosses lombardi trophy as buccaneers celebrate super bowl win yahoo li li tom brady s antics steal show at buccaneers super bowl boat parade sportsnet ca li li opinion they no tom brady our leaders keep dropping the tom brady casually tosses lombardi trophy as buccaneers celebrate super bowl win yahoo,https://s.yimg.com/ny/api/res/1.2/W4aGjhcTNkkGCtnQCh1YGA--/YXBwaWQ9aGlnaGxhbmRlcjt3PTIwMDA7aD0xMzE4/https://s.yimg.com/os/creatr-uploaded-images/2021-02/ff3b4170-6bdd-11eb-af3e-23e5cdb5eef7
tom brady s antics steal show at buccaneers super bowl boat parade sportsnet ca,https://www.sportsnet.ca/nfl/article/tom-bradys-antics-steal-show-buccaneers-super-bowl-boat-parade/,ol li tom brady s antics steal show at buccaneers super bowl boat parade sportsnet ca li li tom brady casually tosses lombardi trophy as buccaneers celebrate super bowl win yahoo li li opinion they no tom brady our leaders keep dropping the tom brady s antics steal show at buccaneers super bowl boat parade sportsnet ca,https://www.sportsnet.ca/wp-content/uploads/2021/02/brady-parade-1040x572.jpg
tom brady tosses lombardi trophy during rowdy super bowl boat parade toronto sun,https://torontosun.com/sports/football/nfl/tom-brady-tosses-lombardi-trophy-during-rowdy-super-bowl-boat-parade,ol li tom brady tosses lombardi trophy during rowdy super bowl boat parade toronto sun li li tom brady casually tosses lombardi trophy as buccaneers celebrate super bowl win yahoo li li tom brady s antics steal show at buccaneers super bowl boat tom brady tosses lombardi trophy during rowdy super bowl boat parade toronto sun,https://smartcdn.prod.postmedia.digital/torontosun/wp-content/uploads/2021/02/PARADE_82571350-e1613049694538.jpg?quality=100&strip=all
report tom brady to undergo minor knee surgery in off season sportsnet ca,https://www.sportsnet.ca/nfl/article/report-tom-brady-undergo-minor-knee-surgery-off-season/,ol li report tom brady to undergo minor knee surgery in off season sportsnet ca li li tom brady casually tosses lombardi trophy as buccaneers celebrate super bowl win yahoo li li report nfl won release audio of brady mathieu exchange at super report tom brady to undergo minor knee surgery in off season sportsnet ca,https://www.sportsnet.ca/wp-content/uploads/2021/01/Tom-Brady-1040x572.jpg
brady rookie card sells for record million reuters,https://www.reuters.com/article/us-football-nfl-brady-idUSKBN2AX0FZ,tampa bay buccaneers quarterback tom brady added another record to his long resume when a card from his rookie season fetched million at an online auction the highest price paid for an nfl card the auction house said brady rookie card sells for record million reuters,https://static.reuters.com/resources/r/?m=02&d=20210305&t=2&i=1553826789&r=LYNXMPEH24095&w=800
nfl brady says he dodged wife retirement request reuters,https://www.reuters.com/article/us-football-nfl-brady-idUSKCN2AV2Q2,tom brady was just beginning to celebrate the buccaneers super bowl victory on the field in tampa last month when his wife gisele embraced him and asked what more do you have to prove the veteran quarterback recalled on tuesday nfl brady says he dodged wife retirement request reuters,https://static.reuters.com/resources/r/?m=02&d=20210303&t=2&i=1553655750&r=LYNXNPEH221JE&w=800
buccaneers holding boat parade in tampa tsn,https://www.tsn.ca/super-bowl-champion-buccaneers-celebrating-with-boat-parade-1.1590853,ol li buccaneers holding boat parade in tampa tsn li li twitter map shows brady is most popular cross sport goat pick thescore com li li ronaldo messi brady who is the world s most famous athlete givemesport li li super bowl champion bucc buccaneers holding boat parade in tampa tsn,https://www.tsn.ca/polopoly_fs/1.1590860!/fileimage/httpImage/image.jpg_gen/derivatives/landscape_620/tom-brady.jpg
tom brady to undergo minor knee surgery after super bowl victory yahoo,https://ca.yahoo.com/sports/news/tom-brady-to-undergo-minor-knee-surgery-after-super-bowl-victory-215014950.html,ol li tom brady to undergo minor knee surgery after super bowl victory yahoo li li tom brady s antics steal show at buccaneers super bowl boat parade sportsnet ca li li thinking of betting the bucs to repeat here why that rarely works thesc tom brady to undergo minor knee surgery after super bowl victory yahoo,https://s.yimg.com/ny/api/res/1.2/3_ktaLJVGwVze_W4XhxOKw--/YXBwaWQ9aGlnaGxhbmRlcjt3PTIwMDA7aD0xMzMz/https://s.yimg.com/os/creatr-uploaded-images/2021-02/b121d450-6be1-11eb-bf97-aabfef11631b
who replaces tom brady buccaneers gm eyes blaine gabbert as possible successor yahoo,https://ca.yahoo.com/sports/news/nfl-tom-brady-buccaneers-blaine-gabbert-viewed-successor-gm-licht-free-agency-165514867.html,ol li who replaces tom brady buccaneers gm eyes blaine gabbert as possible successor yahoo li li tom brady injury update buccaneers qb needs cleanup knee surgery after super bowl win sporting news li li buccaneers view blaine gabbert as potent who replaces tom brady buccaneers gm eyes blaine gabbert as possible successor yahoo,https://s.yimg.com/hd/cp-video-transcode/prod/2021-02/12/602605e9b2bd3f1c6bbe9849/602605e9b2bd3f1c6bbe984a_o_U_v2.jpg
tom brady rookie card auctioned for record reuters,https://www.reuters.com/article/us-football-nfl-tb-brady-card-idUSKCN2AY011,a tom brady rookie card sold for a record setting million in an online auction at pwcc marketplace on thursday marking the most ever paid for a football card tom brady rookie card auctioned for record reuters,https://static.reuters.com/resources/r/?m=02&d=20210306&t=2&i=1553932478&r=LYNXNPEH25012&w=800
trump impeachment trial super bowl boat parade winter weather things to know wednesday,https://www.usatoday.com/story/news/2021/02/10/impeachment-trial-serena-williams-winter-weather-super-bowl-parade/4395322001/,the senate will begin hearing evidence in donald trump impeachment trial the buccaneers celebrate their super bowl win with a boat parade and more news to start your wednesday trump impeachment trial super bowl boat parade winter weather things to know wednesday,"https://www.gannett-cdn.com/presto/2021/02/02/USAT/3d08b15f-77ae-4611-9c7b-29a265dd4c47-AFP_AFP_9232NK.jpg?crop=3431,1930,x0,y230&width=3200&height=1680&fit=bounds"
buccaneers celebrate super bowl victory with boat parade,https://www.theonion.com/buccaneers-celebrate-super-bowl-victory-with-boat-parad-1846250908,the tampa bay buccaneers celebrated their super bowl lv win over the kansas city chiefs on wednesday with a boat parade along the hillsborough river what do you thinkread more buccaneers celebrate super bowl victory with boat parade,"https://i.kinja-img.com/gawker-media/image/upload/c_fill,f_auto,fl_progressive,g_center,h_675,pg_1,q_80,w_1200/abwm6w3prjmdcyvoqfxn.jpg"
tom brady not letting his critics forget that they were wrong,https://www.espn.com/nfl/story/_/id/30919600/tom-brady-not-letting-critics-forget-were-wrong,tom brady came into the super bowl as a rare underdog and he remembering those who doubted him along the way to a seventh ring tom brady not letting his critics forget that they were wrong,https://a2.espncdn.com/combiner/i?img=%2Fphoto%2F2021%2F0208%2Fr812158_1296x729_16%2D9.jpg
tom brady memory of lombardi trophy toss a bit wobbly reuters,https://www.reuters.com/article/us-football-nfl-tb-brady-idUSKBN2AV20Q,maybe the most memorable pass of tom brady career is one the year old quarterback claims he doesn remember tom brady memory of lombardi trophy toss a bit wobbly reuters,https://static.reuters.com/resources/r/?m=02&d=20210303&t=2&i=1553617090&r=LYNXMPEH2213Z&w=800
fact check tom brady quote about kneeling originated from satire website reuters,https://www.reuters.com/article/uk-factcheck-tom-brady-knee-quote-idUSKBN2AB2IT,social media users have been sharing a quote attributed to football quarterback tom brady the quote actually stems from a satire article and was never said by brady fact check tom brady quote about kneeling originated from satire website reuters,https://static.reuters.com/resources/r/?m=02&d=20210211&t=2&i=1551235174&r=LYNXMPEH1A1MW&w=800
saturday night live had runk tom brady character who used the lombardi trophy as a bottle opener,https://www.insider.com/snl-tom-brady-trophy-skit-weekend-update-video-2021-2,an snl skit with beck bennett as tom brady alluded to the buccaneers boat parade when the quarterback threw the lombardi trophy across the water saturday night live had runk tom brady character who used the lombardi trophy as a bottle opener,https://s.yimg.com/uu/api/res/1.2/1J9y5v6xLjTQcqKI.wNZdg--~B/aD0xMDE4O3c9MTM1NzthcHBpZD15dGFjaHlvbg--/https://media.zenfs.com/en/insider_articles_922/46af91d521e0638860c5819118d9228f
rob gronkowski rumors te really does want to sign new bucs contract for,https://bleacherreport.com/articles/2932788-rob-gronkowski-rumors-te-really-does-want-to-sign-new-bucs-contract-for-2021,after helping the tampa bay buccaneers win the super bowl rob gronkowski wants to return for more in according to espn jeff darlington gronkowski really does im told want to return to tampa darlington said sunday on sportscenter rob gronkowski rumors te really does want to sign new bucs contract for,https://img.bleacherreport.net/img/images/photos/003/904/238/hi-res-92b6828f32e7daadfa9b534080ff314e_crop_exact.jpg?w=1200&h=1200&q=75
tom brady contract extension a possibility after super bowl win says bucs gm,https://bleacherreport.com/articles/2933267-tom-brady-contract-extension-a-possibility-after-super-bowl-win-says-bucs-gm,fresh off leading the tampa bay buccaneers to a victory in super bowl lv tom brady could be in line for a contract extension with the team tom brady contract extension a possibility after super bowl win says bucs gm,https://img.bleacherreport.net/img/images/photos/003/904/605/hi-res-5a0a7fb14c1280759e6b812ad43e1c58_crop_exact.jpg?w=1200&h=1200&q=75
jason licht says bucs are gonna f king win super bowl again at title parade,https://bleacherreport.com/articles/2930910-jason-licht-says-bucs-are-gonna-f-king-win-super-bowl-again-at-title-parade,the tampa bay buccaneers celebrated their victory over the kansas city chiefs in super bowl lv with a boat parade on wednesday and it safe to say the team is already setting high expectations for next season jason licht says bucs are gonna f king win super bowl again at title parade,https://img.bleacherreport.net/img/images/photos/003/902/955/hi-res-ba81f9350b2e1b913391f1a8f3bef118_crop_exact.jpg?w=1200&h=1200&q=75
tom brady rumors bucs contract extension likely after super bowl win,https://bleacherreport.com/articles/2933323-tom-brady-rumors-bucs-contract-extension-likely-after-super-bowl-55-win,less than months after signing a two year deal with the tampa bay buccaneers tom brady could be looking to extend his stay with the reigning super bowl champions tom brady rumors bucs contract extension likely after super bowl win,https://img.bleacherreport.net/img/images/photos/003/904/655/hi-res-4f89c75bb6c3b11648198090ce580726_crop_exact.jpg?w=1200&h=1200&q=75
ric flair says he a big time tom brady fan after super bowl win,https://bleacherreport.com/articles/2932152-ric-flair-says-hes-a-big-time-tom-brady-fan-after-super-bowl-55-win,ric flair is no stranger to greatness so it should come as no surprise the time world champion has a fondness for tampa bay buccaneers star tom brady ric flair says he a big time tom brady fan after super bowl win,https://img.bleacherreport.net/img/images/photos/003/903/690/hi-res-eb81c4580683bdd75d343b0fb8c03e20_crop_exact.jpg?w=1200&h=1200&q=75
washington football team jennifer king paves the way as the nfl first black female full time coach,https://www.espn.com/nfl/story/_/id/30998007/washington-football-team-jennifer-king-becoming-first-black-woman-full-nfl-coach,jennifer king was named assistant rb coach for washington in january the assignment made her the first black female full time coach in the nfl now king focused on encouraging the next group of female coaches and getting her squad to super bowl washington football team jennifer king paves the way as the nfl first black female full time coach,https://a3.espncdn.com/combiner/i?img=%2Fphoto%2F2021%2F0303%2Fr822152_640x360_16%2D9.jpg
byron prevails at homestead for second cup victory,https://www.espn.com/racing/story/_/id/30981835/william-byron-prevails-homestead-miami-speedway-2nd-cup-victory,william byron controlled most of the final two stages at homestead miami speedway and won sunday race his second victory in cup starts byron prevails at homestead for second cup victory,https://a.espncdn.com/combiner/i?img=%2Fphoto%2F2021%2F0301%2Fr820833_1296x729_16%2D9.jpg
panthers would trade rb mccaffery first round picks for texans qb deshaun report state of the texans,https://www.si.com/nfl/texans/news/panthers-would-trade-rb-mccaffery-3-first-round-picks-for-texans-qb-deshaun-report,ol li panthers would trade rb mccaffery first round picks for texans qb deshaun report state of the texans li li report broncos will pursue deshaun watson if texans decide to trade him nbc sports li li would deshaun watson be a good fit fo panthers would trade rb mccaffery first round picks for texans qb deshaun report state of the texans,https://www.si.com/.image/t_share/MTc4OTk5OTc3NjA1ODY3MDA3/watson-mccaffrey-080817-usnews-getty-ftr_v5iyv26jmivb1v6omxhsxa8tv.jpg
antoine winfield jr matches fine for tyreek hill taunt donates to tampa school,https://bleacherreport.com/articles/2933296-antoine-winfield-jr-matches-fine-for-tyreek-hill-taunt-donates-to-tampa-school,tampa bay buccaneers safety antoine winfield jr is turning his fine for taunting tyreek hill in super bowl lv into a positive the nfl announced feb antoine winfield jr matches fine for tyreek hill taunt donates to tampa school,https://img.bleacherreport.net/img/images/photos/003/904/639/hi-res-082cdd7a11cc0491f8e275478e765e04_crop_exact.jpg?w=1200&h=1200&q=75
highlights from the tampa bay buccaneers super bowl victory parade,https://www.espn.com/nfl/story/_/id/30874037/highlights-tampa-bay-buccaneers-super-bowl-victory-parade,title belts check tom brady yacht check to celebrate their win in super bowl lv the bucs are taking the parade to the water highlights from the tampa bay buccaneers super bowl victory parade,https://a2.espncdn.com/combiner/i?img=%2Fphoto%2F2021%2F0210%2Fr813186_1296x729_16%2D9.jpg
the push for tom brady as the greatest ever feels like great white hope talk,https://deadspin.com/the-push-for-tom-brady-as-the-greatest-ever-feels-like-1846239244,once tom brady won his seventh super bowl ring on sunday you knew people would gush all over the year old tampa bay quarterback read more the push for tom brady as the greatest ever feels like great white hope talk,"https://i.kinja-img.com/gawker-media/image/upload/c_fill,f_auto,fl_progressive,g_center,h_675,pg_1,q_80,w_1200/uyv7xbvftw5o9gxelku2.jpg"
chris godwin reportedly franchise tagged by buccaneers after super bowl victory,https://bleacherreport.com/articles/2891677-chris-godwin-reportedly-franchise-tagged-by-buccaneers-after-super-bowl-victory,tampa bay buccaneers reportedly placed the franchise tag on wide receiver chris godwin according to adam schefter of espn chris godwin reportedly franchise tagged by buccaneers after super bowl victory,https://img.bleacherreport.net/img/images/photos/003/868/201/hi-res-d870215a985293c5e004451cd5d0b408_crop_exact.jpg?w=1200&h=1200&q=75
tom brady to undergo minor surgery on knee injury says bucs bruce arians,https://bleacherreport.com/articles/2864131-tom-brady-to-undergo-minor-surgery-on-knee-injury-says-bucs-bruce-arians,tampa bay buccaneers quarterback tom brady will reportedly have a minor knee procedure this offseason described by head coach bruce arians as a clean up per rick stroud of the tampa bay times tom brady to undergo minor surgery on knee injury says bucs bruce arians,https://img.bleacherreport.net/img/images/photos/003/885/342/hi-res-0e98a87a13f601fbf807690fa84d9a46_crop_exact.jpg?w=1200&h=1200&q=75
bucs ndamukong suh says his job vs packers was to piss aaron rodgers off,https://bleacherreport.com/articles/2933158-bucs-ndamukong-suh-says-his-job-vs-packers-was-to-piss-aaron-rodgers-off,tampa bay buccaneers defensive tackle ndamukong suh had one focus in the two games he played against the green bay packers this season bucs ndamukong suh says his job vs packers was to piss aaron rodgers off,https://img.bleacherreport.net/img/images/photos/003/904/508/hi-res-7cfae6bec83567c9e50ebb61acd91b4b_crop_exact.jpg?w=1200&h=1200&q=75
hiccup for hendrick motorsports ahead of daytona,https://news.yahoo.com/almirola-wins-first-qualifying-race-013621156.html,what should have been a tune up for the daytona might have cost hendrick motorsports the front row for nascar version of the super bowl alex bowman hiccup for hendrick motorsports ahead of daytona,https://s.yimg.com/ny/api/res/1.2/h3rzQ3pKHtbHQMitposOoQ--/YXBwaWQ9aGlnaGxhbmRlcjt3PTIwMDA7aD0xMzMz/https://s.yimg.com/uu/api/res/1.2/R91s4WqkMV9S69QG9Wt1Qw--~B/aD0zNDc4O3c9NTIxNzthcHBpZD15dGFjaHlvbg--/https://media.zenfs.com/en/ap.org/bb87579f13114c37a9cc119242d778fd
tampa bay buccaneers parade live stream tv schedule and weather forecast,https://bleacherreport.com/articles/2930715-tampa-bay-buccaneers-parade-2021-live-stream-tv-schedule-and-weather-forecast,as fans are well aware by now the tampa bay buccaneers won defeated the kansas city chiefs on sunday in super bowl lv tampa bay buccaneers parade live stream tv schedule and weather forecast,https://img.bleacherreport.net/img/images/photos/003/902/811/hi-res-51ae44c4998ab319e4d6495b4c41bcf7_crop_exact.jpg?w=1200&h=1200&q=75
bucs parade twitter reaction photos videos gifs and more,https://bleacherreport.com/articles/2930877-bucs-parade-2021-twitter-reaction-photos-videos-gifs-and-more,the tampa bay buccaneers celebrated their super bowl title in front of fans in a boat parade wednesday on the hillsborough river bucs parade twitter reaction photos videos gifs and more,https://img.bleacherreport.net/img/images/photos/003/902/935/hi-res-fea4b6b83b8655729e3d16d1e0a03600_crop_exact.jpg?w=1200&h=1200&q=75
buccaneers top players to prioritize in nfl free agency,https://bleacherreport.com/articles/2935405-buccaneers-top-players-to-prioritize-in-2021-nfl-free-agency,the tampa bay buccaneers completed the first major move of their offseason on tuesday by applying the franchise tag to wide receiver chris godwin buccaneers top players to prioritize in nfl free agency,https://img.bleacherreport.net/img/slides/photos/004/442/859/d494966118061943e7eabbffe3f33524_crop_exact.jpg?w=1200&h=1200&q=75
chris godwin rumors wr contract a priority for bucs franchise tag possible,https://bleacherreport.com/articles/2931494-chris-godwin-rumors-wrs-contract-a-priority-for-bucs-franchise-tag-possible,the tampa bay buccaneers reportedly plan on making chris godwin a priority in free agency this offseason chris godwin rumors wr contract a priority for bucs franchise tag possible,https://img.bleacherreport.net/img/images/photos/003/903/377/hi-res-7e2fd20ff967b7358b29cc4d2dafe5d0_crop_exact.jpg?w=1200&h=1200&q=75
super bowl breakthrough which of nfl title starved teams is closest to lombardi trophy,https://www.usatoday.com/story/sports/nfl/columnist/nate-davis/2021/02/13/super-bowl-breakthrough-12-nfl-teams-browns-titans-bills/4455709001/,there are nfl teams that have never won the lombardi trophy so let rank their viability for a super bowl breakthrough in super bowl breakthrough which of nfl title starved teams is closest to lombardi trophy,"https://www.gannett-cdn.com/presto/2021/02/12/USAT/0a1727c2-2be3-498c-8d50-c1004f056086-USATSI_15276474.jpg?crop=2747,1545,x42,y78&width=1600&height=800&fit=bounds"
tom brady rumors bucs getting closer to restructuring qb contract,https://bleacherreport.com/articles/2934838-tom-brady-rumors-bucs-getting-closer-to-restructuring-qbs-contract,the tampa bay buccaneers and tom brady are reportedly in discussions about reworking the reigning super bowl mvp contract per nfl reporter josina anderson on saturday the buccaneers are getting closer to restructuring brady deal tom brady rumors bucs getting closer to restructuring qb contract,https://img.bleacherreport.net/img/images/photos/003/905/951/hi-res-aeda1088345fc4a923ae57a23278306d_crop_exact.jpg?w=1200&h=1200&q=75
highlights from the tampa bay buccaneers super bowl victory parade,https://upstract.com/p/q7kqcvf2?ref=rss&rd=1,title belts check tom brady yacht check to celebrate their win in super bowl lv the bucs are taking the parade to the water highlights from the tampa bay buccaneers super bowl victory parade,https://cdn.upstract.com/p/p9qet8SsMZUTKEKeW55o/q7kqcvf2/56tt8fwyw3_t.jpg
antwaan randle el joins dan campbell lions staff as wide recievers coach,https://bleacherreport.com/articles/2932227-antwaan-randle-el-joins-dan-campbells-lions-staff-as-wide-recievers-coach,fresh off winning a super bowl as part of the tampa bay buccaneers coaching staff antwaan randle el is moving to the detroit lions the lions announced on wednesday that randle el will be the wide receivers coach on dan campbell staff antwaan randle el joins dan campbell lions staff as wide recievers coach,https://img.bleacherreport.net/img/images/photos/003/903/747/hi-res-00cdf2cd759a6b830689aba0827e0a17_crop_exact.jpg?w=1200&h=1200&q=75
buccaneers and fans party at super bowl boat parade in tampa tampa bay times,https://www.tampabay.com/sports/bucs/2021/02/10/buccaneers-and-fans-party-at-super-bowl-boat-parade-in-tampa/,ol li buccaneers and fans party at super bowl boat parade in tampa tampa bay times li li tom brady casually tosses lombardi trophy as buccaneers celebrate super bowl win yahoo sports li li tom trophy toss rich eisen reacts to brady boat to buccaneers and fans party at super bowl boat parade in tampa tampa bay times,https://www.tampabay.com/resizer/jVKBe9uGx3M1AVm66aGUR20_fBs=/800x450/smart/cloudfront-us-east-1.images.arcpublishing.com/tbt/V7PWNYGOVRHVHMFAKACD3BWX3I.jpg
tom brady shades critics for doubting him bucs in video celebrating super bowl,https://bleacherreport.com/articles/2932281-tom-brady-shades-critics-for-doubting-him-bucs-in-video-celebrating-super-bowl,tom brady and michael jordan apparently share more than being arguably) the greatest player in the history of their respective sports both also carry every slight against them as motivation tom brady shades critics for doubting him bucs in video celebrating super bowl,https://img.bleacherreport.net/img/images/photos/003/903/791/hi-res-dd1f7bc78181a79bac76a0854d49efbb_crop_exact.jpg?w=1200&h=1200&q=75
buccaneers celebrate super bowl win with boat parade along hillsborough river,https://www.foxsports.com/florida/story/tampa-bay-buccaneers-sb-parade-021021,the tampa bay buccaneers celebrate their super bowl win with a boat parade along the hillsborough river buccaneers celebrate super bowl win with boat parade along hillsborough river,https://b.fssta.com/uploads/2021/02/021021-fsf-nfl-tampa-bay-bucs-sb.vresize.1200.630.high.77.jpg
florida panthers hot star could be sign of bright future,https://www.forbes.com/sites/mattkalman/2021/02/12/florida-panthers-hot-star-could-be-sign-of-bright-future/,the florida panthers might look back at their win over the defending stanley cup champs as the start of becoming a perennial contender for the first time florida panthers hot star could be sign of bright future,https://thumbor.forbes.com/thumbor/fit-in/1200x0/filters%3Aformat%28jpg%29/https%3A%2F%2Fspecials-images.forbesimg.com%2Fimageserve%2F60269437707bf31c55c4d76f%2F0x0.jpg
bucs gm jason licht at super bowl parade we re gonna f win this thing again next year,https://upstract.com/p/tbj3749e?ref=rss&rd=1,tampa bay buccaneers general manager jason licht had some strong words during the team s super bowl lv parade on wednesday afternoon bucs gm jason licht at super bowl parade we re gonna f win this thing again next year,https://cdn.upstract.com/p/p9qet8SsMZUTKEKeW55o/tbj3749e/qyxzi99keg_t.jpg
serena williams husband alexis ohanian shuts down the greatest athlete debate,https://www.eonline.com/news/1238613/serena-williams-husband-alexis-ohanian-shuts-down-the-greatest-athlete-debate,alexis ohanian continues to be his wife biggest fan during serena williams australian open match and ultimate win) against simona halep on feb her husband of three serena williams husband alexis ohanian shuts down the greatest athlete debate,"https://akns-images.eonline.com/eol_images/Entire_Site/2021116/rs_1200x1200-210216074053-1200-Alexis-Ohanian-LT-21621-GettyImages-1231200908.jpg?fit=around%7C1080:1080&output-quality=90&crop=1080:1080;center,top"
bucs celebrate super bowl title with boat parade,https://www.espn.com/nfl/story/_/id/30874484/tampa-bay-buccaneers-celebrate-super-bowl-lv-title-boat-parade,the super bowl champion buccaneers celebrated their victory wednesday with a boat parade amid continued concern over the coronavirus pandemic bucs celebrate super bowl title with boat parade,https://a1.espncdn.com/combiner/i?img=%2Fphoto%2F2021%2F0210%2Fr813239_1296x729_16%2D9.jpg
bucs host world s largest girls flag football tournament during a pandemic,https://deadspin.com/bucs-host-world-s-largest-girls-flag-football-tournamen-1846381041,i m all for girls flag football tournaments but hosting the world s largest anything in a global pandemic may i dunno not be a great idearead more bucs host world s largest girls flag football tournament during a pandemic,"https://i.kinja-img.com/gawker-media/image/upload/c_fill,f_auto,fl_progressive,g_center,h_675,pg_1,q_80,w_1200/utd0re8jefewbkkwu8pj.jpg"
scotty miller bucs haven even come close to playing our best football talks tom brady work ethic the herd,https://www.foxsports.com/watch/1859982915841,tampa bay buccaneer scotty miller joins nick wright to discuss his super bowl win against the kansas city chiefs plus hear what scotty has to say about tom brady impressive work ethic throughout the season scotty miller bucs haven even come close to playing our best football talks tom brady work ethic the herd,https://a57.foxsports.com/fsvideoprod-a.akamaihd.net/img/Fox_Sports_Production/250/959/1408/814/colorlogosll.jpg?ve=1&tl=1
tom brady and rob gronkowski are living their best lives at super bowl boat parade,https://www.eonline.com/news/1236949/tom-brady-and-rob-gronkowski-are-living-their-best-lives-at-super-bowl-boat-parade,besties and longtime teammates tom brady and rob gronkowski did not head to disney world after winning the super bowl on feb but they did the next best thing celebrated their huge win on a tom brady and rob gronkowski are living their best lives at super bowl boat parade,"https://akns-images.eonline.com/eol_images/Entire_Site/2021110/rs_1200x1200-210210131334-1200-tom-rob-GettyImages-1300925265.jpg?fit=around%7C1080:1080&output-quality=90&crop=1080:1080;center,top"
cousin sal i m not backing brady bucs to win next years super bowl fox bet live,https://www.foxsports.com/watch/1859231811519,the tampa bay buccaneers has fox bet best odds at winning next years super bowl cousin sal tells the fox bet live crew whether he believes tom brady and bruce arians has what it takes to lead the buccaneers to a super bowl win next year cousin sal i m not backing brady bucs to win next years super bowl fox bet live,https://a57.foxsports.com/fsvideoprod-a.akamaihd.net/img/Fox_Sports_Production/558/642/1408/814/0211_Bucs.jpg?ve=1&tl=1
stop ignoring fighters in your greatest athlete ever conversations,https://deadspin.com/stop-ignoring-fighters-in-your-greatest-athlete-ever-co-1846240547,somehow someone decided that that speculation of tom brady s standing amongst all athletes following sunday s super bowl was a spectacular idea and days later here we are still extrapolating over it read more stop ignoring fighters in your greatest athlete ever conversations,"https://i.kinja-img.com/gawker-media/image/upload/c_fill,f_auto,fl_progressive,g_center,h_675,pg_1,q_80,w_1200/p1wdillegmbxr8nlfkkv.jpg"
friday am reads,https://ritholtz.com/2021/02/10-friday-am-reads-308/,hey its the year of the ox finish your week strong with our morning reads gamestop frenzy echoes sharp moves long seen in cryptocurrency markets groups who organize online and target a specific asset are a staple of the crypto world wall street journal) friday am reads,https://ritholtz.com/wp-content/uploads/2021/02/spac.jpg
rob gronkowski bares buff shirtless body while celebrating super bowl win,http://www.justjared.com/2021/02/11/rob-gronkowski-bares-buff-shirtless-body-while-celebrating-super-bowl-2021-win/,rob gronkowski is in celebration mode the year old pro football player showed off his super buff bod while going shirtless during the super bowl victory boat parade on wednesday afternoon february ) in tampa florida joining rob aboard the boat w rob gronkowski bares buff shirtless body while celebrating super bowl win,http://cdn01.cdn.justjared.com/wp-content/uploads/headlines/2021/02/gronk-boat.jpg
chris broussard brady s bucs should win nfc but shaq barrett lavonte david must be resigned undisputed,https://www.foxsports.com/watch/1865406531990,tom brady and the tampa bay buccaneers have their work cut out for them when it comes to keeping their team together in hopes of repeating as super bowl champs there are eight big name players set to hit the open market including chris godwin but the tb chris broussard brady s bucs should win nfc but shaq barrett lavonte david must be resigned undisputed,https://a57.foxsports.com/fsvideoprod-a.akamaihd.net/img/Fox_Sports_Production/303/307/2560/1440/barrett.jpg?ve=1&tl=1
bucs devin white on riding his horse with the lombardi trophy talks super bowl win undisputed,https://www.foxsports.com/watch/1859924547646,super bowl champ devin white is now joining us after finishing the game with tackles two for loss and an interception devin got a chance to ride his horse dream around raymond james stadium with the lombardi trophy in hand hear what devin white has bucs devin white on riding his horse with the lombardi trophy talks super bowl win undisputed,https://a57.foxsports.com/fsvideoprod-a.akamaihd.net/img/Fox_Sports_Production/195/279/1408/814/cubanYT.04_41_11_17.Still029.jpg?ve=1&tl=1
portland native ndamukong suh is not ready to retire just yet says he wants to rejoin the buccaneers,https://sports.yahoo.com/portland-native-ndamukong-suh-not-173009471.html,suh wants to win another super bowl before it all said and done portland native ndamukong suh is not ready to retire just yet says he wants to rejoin the buccaneers,https://s.yimg.com/ny/api/res/1.2/TUVE68Dx6Io4uszGaKhtZA--/YXBwaWQ9aGlnaGxhbmRlcjt3PTIwMDA7aD0xNTAy/https://s.yimg.com/uu/api/res/1.2/nE6fZAh3hRDjwFVaFkMylg--~B/aD0yODU3O3c9MzgwMzthcHBpZD15dGFjaHlvbg--/https://media.zenfs.com/en/nbc_sports_northwest_40/d644ebe8c92656798661857fec8b7b06
bucs qbs coach tom brady wanted to match what peyton manning did in denver nfl com,https://www.nfl.com/news/bucs-qbs-coach-tom-brady-wanted-to-match-what-peyton-manning-did-in-denver,ol li bucs qbs coach tom brady wanted to match what peyton manning did in denver nfl com li li fan who started a petition to get tom brady to give back tb s ppp loans has a larger goal in mind boston com li li texans are dug in on keeping watso bucs qbs coach tom brady wanted to match what peyton manning did in denver nfl com,https://static.www.nfl.com/image/private/t_editorial_landscape_12_desktop/league/reaaelwreiythons7o4d
what the pandemic revealed about sports,https://www.theatlantic.com/ideas/archive/2021/02/what-pandemic-revealed-about-sports/618157/,the public s emotional connection to big money athletics has been grossly overestimated what the pandemic revealed about sports,https://cdn.theatlantic.com/thumbor/HijqaFJI-3pc2kB7f_Y0EyUAoaA=/0x68:3200x1735/960x500/https://cdn.theatlantic.com/assets/media/img/mt/2021/02/covid_sports_1/original.jpg
news buccaneers almost cut leonard fournette before epic playoff run nfl com,https://www.nfl.com/news/buccaneers-almost-cut-leonard-fournette-before-epic-playoff-run,ol li news buccaneers almost cut leonard fournette before epic playoff run nfl com li li buccaneers hc bruce arians on the emotional impact of winning the super bowl the rich eisen show the rich eisen show li li bruce arians urged inactive leona news buccaneers almost cut leonard fournette before epic playoff run nfl com,https://static.www.nfl.com/image/private/t_editorial_landscape_12_desktop/league/g6rjjqhbocvl5yy6p8nd
tom brady celebrated his seventh super bowl win by getting day drunk and tossing around the lombardi trophy,https://dlisted.com/2021/02/11/tom-brady-celebrated-his-seventh-super-bowl-win-by-getting-day-drunk-and-tossing-around-the-lombardi-trophy/,tom brady left the new england patriots to join the tampa bay buccaneers for a cool million a year and this year the buccs won the super bowl with major help from tom brady to celebrate his seventh super bowl win tom got absolutely lit during the day tom brady celebrated his seventh super bowl win by getting day drunk and tossing around the lombardi trophy,https://dlisted.com/wp-content/uploads/2021/02/tombradydaydrunk.jpg
us football team celebrates super bowl win with boat parade,https://www.bbc.co.uk/news/av/world-us-canada-56017226,the tampa bay buccaneers beat the kansas city chiefs on sunday in the biggest game in us sport us football team celebrates super bowl win with boat parade,https://ichef.bbci.co.uk/images/ic/400xn/p096qjjq.jpg
bruce arians tom brady left patriots for buccaneers to ry a different way to win,https://sports.yahoo.com/bruce-arians-tom-brady-left-patriots-for-buccaneers-to-try-a-different-way-to-win-170801701.html,bruce arians believes tom brady came to tampa to show he could win in a different way than he did in new england bruce arians tom brady left patriots for buccaneers to ry a different way to win,https://s.yimg.com/ny/api/res/1.2/TZFlN9Kn8NYYDL4vI97RqA--/YXBwaWQ9aGlnaGxhbmRlcjt3PTIwMDA7aD0xMjU4/https://s.yimg.com/os/creatr-uploaded-images/2021-01/f2fc6990-5a1a-11eb-bbef-f4bf53f6b2cd
tom brady s social team wins with recap of buccaneers triumph,https://touchdownwire.usatoday.com/2021/02/10/tom-brady-tampa-bay-buccaneers-instagram-super-bowl-lv/,tom brady social team put together another masterful video chronicling the super bowl win and ensuing celebrationtom brady s social team wins with recap of buccaneers triumph,https://s.yimg.com/ny/api/res/1.2/3rJkJZ0Q3fLJMLqCfYCFmg--/YXBwaWQ9aGlnaGxhbmRlcjt3PTIwMDA7aD0xMzMz/https://s.yimg.com/uu/api/res/1.2/JADmIG0D6biCQ5HII4Wj_Q--~B/aD0zNjQ4O3c9NTQ3MjthcHBpZD15dGFjaHlvbg--/https://media.zenfs.com/en/touchdown_wire_usa_today_sports_articles_829/98afe7efae6e2654f45244d31f82917f
sean mcvay shares what he learned from watching bucs win super bowl lv,https://theramswire.usatoday.com/2021/03/02/rams-sean-mcvay-buccaneers-super-bowl/,sean mcvay and the rams beat the bucs in the regular season but it was tampa bay that won it all sean mcvay shares what he learned from watching bucs win super bowl lv,https://s.yimg.com/ny/api/res/1.2/U5RKwK6goXPA6qsGALXOww--/YXBwaWQ9aGlnaGxhbmRlcjt3PTIwMDA7aD0xNDI5/https://s.yimg.com/uu/api/res/1.2/naicGeJ6AIM017l7ClQF6Q--~B/aD0yNzUyO3c9Mzg1MjthcHBpZD15dGFjaHlvbg--/https://media.zenfs.com/en/los_angeles_rams_wire_usa_today_sports_articles_716/620506a5cd293bb8b6f951aed8a1712d
shaun ohara how bucs o line paved the way for a super bowl win,https://sports.yahoo.com/shaun-ohara-bucs-o-line-144232576.html,shaun ohara breaks down how the tampa bay buccaneers o line paved the way for a super bowl win this game is streaming live on the yahoo sports mobile app or on nfl networkshaun ohara how bucs o line paved the way for a super bowl win,https://s.yimg.com/hd/cp-video-transcode/prod/2021-02/10/6023f3444cd7fe25b057eaf3/6023f3444cd7fe25b057eaf4_o_U_v2.jpg
skip bayless reacts to tom brady s post super bowl call with qb coach i undisputed,https://www.foxsports.com/watch/1868277315839,tom brady joked with james corden about his infamous lombardi trophy toss but is still keeping bill belichick no days off mantra tampa bay buccaneers quarterback coach clyde christensen said the year old quarterback called him after the super bowl vic skip bayless reacts to tom brady s post super bowl call with qb coach i undisputed,https://a57.foxsports.com/fsvideoprod-a.akamaihd.net/img/Fox_Sports_Production/993/95/2560/1440/0303_UND_Brady.jpg?ve=1&tl=1
tom brady to undergo minor knee surgery after super bowl victory,https://sports.yahoo.com/tom-brady-to-undergo-minor-knee-surgery-after-super-bowl-victory-215014950.html,tom brady led the bucs to a super bowl win despite a knee injury tom brady to undergo minor knee surgery after super bowl victory,https://s.yimg.com/ny/api/res/1.2/3_ktaLJVGwVze_W4XhxOKw--/YXBwaWQ9aGlnaGxhbmRlcjt3PTIwMDA7aD0xMzMz/https://s.yimg.com/os/creatr-uploaded-images/2021-02/b121d450-6be1-11eb-bf97-aabfef11631b
bucs gm vows we re gonna f ing win this thing again next year,https://profootballtalk.nbcsports.com/2021/02/10/bucs-gm-vows-were-gonna-f-ing-win-this-thing-again-next-year/,buccaneers general manager jason licht was feeling brash at today s super bowl lv victory celebration in tampa licht vowed that the team has the necessary cap space to keep its core group of players from this year s championship team into next year when lic bucs gm vows we re gonna f ing win this thing again next year,https://profootballtalk.nbcsports.com/wp-content/uploads/sites/25/2021/02/GettyImages-1231051958-e1612992286769.jpg
bucs gm vows we re gonna f ing win this thing again next year,https://sports.yahoo.com/bucs-gm-vows-gonna-f-212509484.html,buccaneers general manager jason licht was feeling brash at today s super bowl lv victory celebration in tampa licht vowed that the team has the necessary cap space to keep its core group of players from this year s championship team into next year when lic bucs gm vows we re gonna f ing win this thing again next year,https://s.yimg.com/uu/api/res/1.2/Be8CwefKbl4WHXhcszNToA--~B/aD00MDk7dz03MjQ7YXBwaWQ9eXRhY2h5b24-/https://media.zenfs.com/en/profootballtalk.nbcsports.com/0852d5fd8b354e259b831c99523b147d
bucs free agency priority re signing their own but it will take work,https://www.espn.com/blog/tampa-bay-buccaneers/post/_/id/24693/bucs-free-agency-priority-re-signing-their-own-but-it-will-take-work,david and barrett top a list of key players to the bucs title run who are free agents tampa can maneuver to keep most but likely not all of them bucs free agency priority re signing their own but it will take work,https://a3.espncdn.com/combiner/i?img=%2Fphoto%2F2021%2F0218%2Fr816636_1296x729_16%2D9.jpg
super bowl lvi odds update jags odds remain the lowest to win the big one,https://jaguarswire.usatoday.com/2021/02/11/super-bowl-lvi-odds-update-jags-odds-remain-the-lowest-to-win-the-big-one/,jacksonville is the least likely team to win the super bowl next year according to the latest gambling odds from betmgm super bowl lvi odds update jags odds remain the lowest to win the big one,https://s.yimg.com/ny/api/res/1.2/jPdqSQSKTskXSUqQhp6qCg--/YXBwaWQ9aGlnaGxhbmRlcjt3PTIwMDA7aD0xMzMz/https://s.yimg.com/uu/api/res/1.2/RtaWHy0ye7YWEnwgAzlRag--~B/aD0yNjYzO3c9Mzk5NTthcHBpZD15dGFjaHlvbg--/https://media.zenfs.com/en/jacksonville_jaguars_wire_usa_today_sports_articles_630/067fb2524840a8be067be1e89923c20a
mr irrelevant to super bowl champ how bucs ryan succop made last place history by finishing first,https://www.cbssports.com/nfl/news/mr-irrelevant-to-super-bowl-champ-how-bucs-ryan-succop-made-last-place-history-by-finishing-first/,succop the last pick in the draft became the first mr irrelevant to win a super bowlmr irrelevant to super bowl champ how bucs ryan succop made last place history by finishing first,https://sportshub.cbsistatic.com/i/r/2021/02/02/701c5972-448b-41cf-a849-ceb67b9e3d69/thumbnail/1200x675/e7f2f5ab822856a03c333e0f3b8410b0/ryan-succop.jpg
buccaneers loss to saints was worst loss ever for a super bowl winner,https://sports.yahoo.com/buccaneers-38-3-loss-saints-110906020.html,if you watched the buccaneers lose to the saints in week nine and thought there s no way tampa bay could win the super bowl that was understandable no team in nfl history had ever won the super bowl after suffering that bad a loss in the regular season buccaneers loss to saints was worst loss ever for a super bowl winner,https://s.yimg.com/uu/api/res/1.2/FPdxCifA82OXUgKTMecpRQ--~B/aD00ODM7dz04NjA7YXBwaWQ9eXRhY2h5b24-/https://media.zenfs.com/en/profootballtalk.nbcsports.com/cb02b5049ecc03da758cf35a91c27150
looking back at the day ex steelers qb terry bradshaw was thomas brady usa today,https://www.usatoday.com/story/sports/nfl/2021/03/03/terry-bradshaw-steelers-spent-day-as-tom-brady/6905465002/,ol li looking back at the day ex steelers qb terry bradshaw was thomas brady usa today li li tom brady talks tampa bay buccaneers super bowl boat parade on late night tv espn li li strange but true terry bradshaw checked into hospital under al looking back at the day ex steelers qb terry bradshaw was thomas brady usa today,"https://www.gannett-cdn.com/presto/2021/03/03/USAT/654afb14-c7d6-45b5-9d80-3125d6088239-bradshaw.jpg?crop=3071,1727,x0,y356&width=1600&height=800&fit=bounds"
source bills propose delaying hiring process,https://www.espn.com/nfl/story/_/id/30997929/source-buffalo-bills-propose-delaying-hiring-process,the bills have proposed delaying the coaching hiring process to limit distractions during the playoffs a source told espn source bills propose delaying hiring process,https://a1.espncdn.com/combiner/i?img=%2Fphoto%2F2020%2F0304%2Fr674781_1296x729_16%2D9.jpg
tom brady had a little too much to drink during the bucs championship boat parade,https://www.egotasticsports.com/tom-brady-had-a-little-too-much-to-drink-during-the-bucs-championship-boat-parade/,tom brady celebrated his super bowl win in true tampa style the buccaneers and their year old quarterback held a championship boat parade on wednesday a good time was had by all including brady who arrived in a million boat and needed help walk tom brady had a little too much to drink during the bucs championship boat parade,http://www.egotasticsports.com/wp-content/uploads/2021/02/Screenshot_20210210-181623_Chrome.jpg
buccaneers had the worst regular season loss of any super bowl champion in nfl history,https://www.cbssports.com/nfl/news/buccaneers-had-the-worst-regular-season-loss-of-any-super-bowl-champion-in-nfl-history/,the buccaneers rebounded to win the lombardi trophy after being handed the worst loss of any eventual super bowl winnerbuccaneers had the worst regular season loss of any super bowl champion in nfl history,https://sportshub.cbsistatic.com/i/r/2021/02/08/9160fcc1-e034-4c3e-a39e-7282b0bff5ca/thumbnail/1200x675/a3e5f6200f9426782e70f5ee05392b8b/tom-brady-buccaneers-mvp.jpg
buccaneers loss to saints was worst loss ever for a super bowl winner,https://profootballtalk.nbcsports.com/2021/02/13/buccaneers-38-3-loss-to-saints-was-worst-loss-ever-for-a-super-bowl-winner/,if you watched the buccaneers lose to the saints in week nine and thought there s no way tampa bay could win the super bowl that was understandable no team in nfl history had ever won the super bowl after suffering that bad a loss in the regular season buccaneers loss to saints was worst loss ever for a super bowl winner,https://profootballtalk.nbcsports.com/wp-content/uploads/sites/25/2021/02/GettyImages-1229577644-e1613214533408.jpg
bruce arians tom brady wanted to try a different way,https://sports.yahoo.com/bruce-arians-tom-brady-wanted-041553538.html,as the football following world continues to digest the ability of quarterback tom brady to jump from the patriots to the buccaneers and to win a super bowl tampa bay coach bruce arians continues to talk about brady s motivation in leaving new england i th bruce arians tom brady wanted to try a different way,https://s.yimg.com/uu/api/res/1.2/MESJVV2FQRgLMFSwTzJeng--~B/aD04NTY7dz0xNTE5O2FwcGlkPXl0YWNoeW9u/https://media.zenfs.com/en/profootballtalk.nbcsports.com/e440ecbf70d62a785746033819dc6640
little avocado tequila internet buzzes as drunk tom brady steals show on bucs super bowl parade,https://sputniknews.com/viral/202102111082039380-little-avocado-tequila-internet-buzzes-as-drunk-tom-brady-steals-show-on-bucs-super-bowl-parade/,tom brady is a quarterback currently with the tampa bay buccaneers the team that secured the victory in super bowl lv the first team in the history of the nfl to win the lombardi trophy in their own stadium little avocado tequila internet buzzes as drunk tom brady steals show on bucs super bowl parade,https://cdn2.img.sputniknews.com/images/07e5/02/0b/1082039375.jpg
skip shannon react to tom brady tossing the lombardi trophy at bucs parade undisputed,https://www.foxsports.com/watch/1859001411711,tom brady clearly isn t afraid to have a good time celebrating his super bowl win during the tampa bay buccaneers boat parade yesterday brady got confident enough to toss the lombardi trophy from his boat across to another that had rob gronkowski and ca skip shannon react to tom brady tossing the lombardi trophy at bucs parade undisputed,https://a57.foxsports.com/fsvideoprod-a.akamaihd.net/img/Fox_Sports_Production/338/923/1408/814/cubanYT.02_03_14_19.Still015.jpg?ve=1&tl=1
ex nfl wideout randle el to coach lions wrs,https://www.espn.com/nfl/story/_/id/30917061/ex-nfl-wideout-antwaan-randle-el-coach-detroit-lions-wrs,the lions have hired former nfl wide receiver antwaan randle el as their wide receivers coach ex nfl wideout randle el to coach lions wrs,https://a4.espncdn.com/combiner/i?img=%2Fphoto%2F2016%2F0119%2Fr45308_1296x729_16%2D9.jpg
gambler pleads guilty to threatening rays players,https://www.espn.com/mlb/story/_/id/31040849/sports-gambler-benjamin-tucker-patz-pleads-guilty-threatening-tampa-bay-rays-players,sports gambler benjamin tucker patz pleaded guilty wednesday to sending threatening social media messages to players with the tampa bay rays gambler pleads guilty to threatening rays players,https://a2.espncdn.com/combiner/i?img=%2Fphoto%2F2021%2F0310%2Fr825227_1296x729_16%2D9.jpg
tampa bay buccaneers boat parade shows new side of tom brady pro football talk nbc sports nbc sports,https://news.google.com/__i/rss/rd/articles/CBMiK2h0dHBzOi8vd3d3LnlvdXR1YmUuY29tL3dhdGNoP3Y9bE0wUjdieDFWUkHSAQA?oc=5,ol li tampa bay buccaneers boat parade shows new side of tom brady pro football talk nbc sports nbc sports li li tom brady casually tosses lombardi trophy as buccaneers celebrate super bowl win yahoo sports li li tom trophy toss rich eis tampa bay buccaneers boat parade shows new side of tom brady pro football talk nbc sports nbc sports,
chris godwin faces potentially difficult decision between sticking with bucs cashing in as free agent nfl com,https://www.nfl.com/news/chris-godwin-stay-with-buccaneers-free-agency-difficult-decision,ol li chris godwin faces potentially difficult decision between sticking with bucs cashing in as free agent nfl com li li which free agents will the buccaneers move on from get up espn li li bucs antoine winfield jr shows off massive super b chris godwin faces potentially difficult decision between sticking with bucs cashing in as free agent nfl com,https://static.www.nfl.com/image/private/t_editorial_landscape_12_desktop/league/t8mhf7zkha3j00srzznp
super bowl lv should convince san francisco to make deshaun watson push,https://www.forbes.com/sites/nicholasmcgee/2021/02/13/super-bowl-lv-should-convince-san-francisco-49ers-to-make-deshaun-watson-push/,if the needed further evidence to convince them to try to upgrade at quarterback and push to acquire deshaun watson they got it in super bowl lv super bowl lv should convince san francisco to make deshaun watson push,https://thumbor.forbes.com/thumbor/fit-in/1200x0/filters%3Aformat%28jpg%29/https%3A%2F%2Fspecials-images.forbesimg.com%2Fimageserve%2F60280bb1b0deb5b4ffd1663e%2F0x0.jpg
pandemic didn t slow super bowl business for hoteliers st pete catalyst,https://stpetecatalyst.com/pandemic-didnt-slow-super-bowl-business-for-hoteliers/,even amid a global pandemic the allure of tom brady and the history making tampa bay buccaneers playing on home turf in super bowl lv proved irresistible for tourists and local hoteliers even across the bay in pinellas county reaped the rewards tommy de pandemic didn t slow super bowl business for hoteliers st pete catalyst,https://stpetecatalyst.com/wp-content/uploads/2021/02/Screen-Shot-2021-02-11-at-12.47.22-PM-1200x630.png
little avocado tequila internet buzzes as drunk tom brady steals show at bucs super bowl parade,https://sputniknews.com/viral/202102111082039380-little-avocado-tequila-internet-buzzes-as-drunk-tom-brady-steals-show-at-bucs-super-bowl-parade/,tom brady is a quarterback currently with the tampa bay buccaneers the latter scored a resounding win in super bowl lv and are the first team in the history of the nfl to win the lombardi trophy in their own stadium little avocado tequila internet buzzes as drunk tom brady steals show at bucs super bowl parade,https://cdn2.img.sputniknews.com/images/07e5/02/0b/1082039375.jpg
chris godwin details how tom brady rastically changed bucs mindset,https://sports.yahoo.com/chris-godwin-details-tom-brady-204512091.html,bucs wide receiver chris godwin explained how tom brady helped transform the bucs from an nfl laughingstock to a super bowl champion in less than a year chris godwin details how tom brady rastically changed bucs mindset,https://s.yimg.com/uu/api/res/1.2/NXUAVwtFKfGfKuDW2f0WCw--~B/aD03MjA7dz0xMjgwO2FwcGlkPXl0YWNoeW9u/https://media.zenfs.com/en/csnne.com/79ae22e1926cc28c7a67fd8a5dc37c2c
lori locust on what historic super bowl victory means to her,https://sports.yahoo.com/lori-locust-historic-super-bowl-005932782.html,tampa bay buccaneers assistant defensive line coach lori locust discusses what the historic super bowl lv victory means to her this game is streaming live on the yahoo sports mobile app or on nfl comlori locust on what historic super bowl victory means to her,https://s.yimg.com/hd/cp-video-transcode/prod/2021-02/19/602f0f724cd7fe0c139d1c0d/602f0f724cd7fe0c139d1c0e_o_U_v2.jpg
mike evans tom brady went above and beyond with texts to prepare for super bowl,https://profootballtalk.nbcsports.com/2021/02/18/mike-evans-tom-brady-went-above-and-beyond-with-texts-to-prepare-for-super-bowl/,after the buccaneers won super bowl lv leonard fournette revealed tom brady would text teammates we will win around p m et every night but apparently that wasn t all he was sending in an appearance on the michael irvin podcast evans said brady ste mike evans tom brady went above and beyond with texts to prepare for super bowl,"https://profootballtalk.nbcsports.com/wp-content/uploads/sites/25/2021/02/USATSI_15556260.jpg?resize=1024,755"
that terry bradshaw tom brady alias story it true terry says he and i are linked at the hip the athletic,https://theathletic.com/2425241/2021/03/03/that-terry-bradshaw-tom-brady-alias-story-its-true-terry-says-he-and-i-are-linked-at-the-hip/,ol li that terry bradshaw tom brady alias story it true terry says he and i are linked at the hip the athletic li li tom brady talks tampa bay buccaneers super bowl boat parade on late night tv espn li li strange but true terry bradshaw that terry bradshaw tom brady alias story it true terry says he and i are linked at the hip the athletic,https://cdn.theathletic.com/app/uploads/2021/03/03151019/GettyImages-633957474-1024x683.jpg
ultimate flex right there super bowl icon tom brady throws lombardi trophy across tampa river amid wild celebrations video),https://www.rt.com/sport/515241-tom-brady-super-bowl-celebrations/,tampa bay buccaneers quarterback tom brady looks to have relaxed his famously strict tb diet as he celebrated winning his seventh super bowl by throwing the famous lombardi trophy to teammates across the hillsborough river read full article at rt com ultimate flex right there super bowl icon tom brady throws lombardi trophy across tampa river amid wild celebrations video),https://cdni.rt.com/files/2021.02/article/60250ab7203027436d160fb1.jpg
covid wars launch desantis into gop top tier,https://www.politico.com/news/2021/02/16/covid-ron-desantis-2024-469071,the florida governor s clashes with the media and reluctance to embrace coronavirus restrictions are fueling conservative chatter about a presidential bid covid wars launch desantis into gop top tier,https://static.politico.com/f1/d2/c2c773e54c7e85d82309dc414423/gettyimages-1281901325-1.jpg
bucs win second super bowl,https://world.wng.org/2021/02/bucs_win_second_super_bowl,bucs win second super bowl human race news quarterback tom brady wins another ring and another mvp award vol no the editors crowned despite occurring in the middle of a pandemic something familiar happened at the super bowl on feb another bucs win second super bowl,https://world.wng.org/sites/default/files/field/image/brady4.png
bold offseason predictions as washington looks to build off nfc east title,https://sports.yahoo.com/3-bold-offseason-predictions-washington-010017596.html,after an encouraging season saw the washington football team win a division title the pressure increases for bold offseason predictions as washington looks to build off nfc east title,https://s.yimg.com/uu/api/res/1.2/0rsQz0bDkamVt80MFKOytQ--~B/aD0xMDgwO3c9MTkyMDthcHBpZD15dGFjaHlvbg--/https://media.zenfs.com/en/csnwashington.com/1629ea217b30eb8b4bffad6b58068e31
lebron james reacts to celebratory tom brady i wish we were able to have a parade,https://lebronwire.usatoday.com/2021/02/10/lebron-james-reacts-to-video-of-celebratory-tom-brady-i-wish-we-were-able-to-have-a-parade/,los angeles lakers star lebron james had a little bit of fomo when watching tom brady drunkenly celebrate his championship lebron james reacts to celebratory tom brady i wish we were able to have a parade,https://s.yimg.com/ny/api/res/1.2/IYu5r8S4AJSkt5hlT6s8SA--/YXBwaWQ9aGlnaGxhbmRlcjt3PTIwMDA7aD0xNDY1/https://s.yimg.com/uu/api/res/1.2/q.EcSotbfXbksuCpqQ7DcA--~B/aD0zMzM2O3c9NDU1NDthcHBpZD15dGFjaHlvbg--/https://media.zenfs.com/en/lebron_wire_usa_today_sports_articles_234/d0fe80775320b3ac7143ee2538e8eb26
buccaneers qb coach tells awesome story of tom brady post super bowl mindset,https://sports.yahoo.com/buccaneers-qb-coach-tells-awesome-182733936.html,it no surprise that tom brady was already thinking about winning another title with the tampa bay buccaneers less than hours after he led them to a super bowl lv triumph over the defending champion kansas city chiefs buccaneers qb coach tells awesome story of tom brady post super bowl mindset,https://s.yimg.com/uu/api/res/1.2/YvO9AP57KKDF1HR_7JQ9_A--~B/aD03MjA7dz0xMjgwO2FwcGlkPXl0YWNoeW9u/https://media.zenfs.com/en/csnne.com/04b818a6b5b757ddec9428d97108d630
